#[1]CHROM	[2]POS	[3]REF	[4]ALT	[5]QUAL	[6]ANN
chr13	32890562	T	C	1.21399e-10	C|5_prime_UTR_variant|MODIFIER|BRCA2|BRCA2|transcript|NM_000059.3|protein_coding|2/27|c.-36T>C|||||36|,C|upstream_gene_variant|MODIFIER|ZAR1L|ZAR1L|transcript|NM_001136571.1|protein_coding||c.-4500A>G|||||4471|
chr13	32890572	G	A	624.341	A|5_prime_UTR_variant|MODIFIER|BRCA2|BRCA2|transcript|NM_000059.3|protein_coding|2/27|c.-26G>A|||||26|,A|upstream_gene_variant|MODIFIER|ZAR1L|ZAR1L|transcript|NM_001136571.1|protein_coding||c.-4510C>T|||||4481|
chr13	32890711	T	G	6.40777e-05	G|upstream_gene_variant|MODIFIER|ZAR1L|ZAR1L|transcript|NM_001136571.1|protein_coding||c.-4649A>C|||||4620|,G|intron_variant|MODIFIER|BRCA2|BRCA2|transcript|NM_000059.3|protein_coding|2/26|c.67+47T>G||||||
chr13	32893197	ATTTTTTTTTTAAATAG	ATTTTTTTTTAAATAG	0.0220616	ATTTTTTTTTAAATAG|splice_region_variant&intron_variant|LOW|BRCA2|BRCA2|transcript|NM_000059.3|protein_coding|2/26|c.68-7delT||||||
chr13	32893494	A	G	0	G|intron_variant|MODIFIER|BRCA2|BRCA2|transcript|NM_000059.3|protein_coding|3/26|c.316+32A>G||||||
chr13	32899385	TAAAGAT	TAAGAT	2.76948e-14	TAAGAT|intron_variant|MODIFIER|BRCA2|BRCA2|transcript|NM_000059.3|protein_coding|4/26|c.425+67delA||||||
chr13	32899550	A	G	3.57256e-14	G|intron_variant|MODIFIER|BRCA2|BRCA2|transcript|NM_000059.3|protein_coding|4/26|c.425+229A>G||||||
chr13	32899567	G	C	58.9118	C|intron_variant|MODIFIER|BRCA2|BRCA2|transcript|NM_000059.3|protein_coding|4/26|c.425+246G>C||||||
chr13	32899575	A	G	0.00124308	G|intron_variant|MODIFIER|BRCA2|BRCA2|transcript|NM_000059.3|protein_coding|4/26|c.425+254A>G||||||
chr13	32900134	T	C	20.982	C|intron_variant|MODIFIER|BRCA2|BRCA2|transcript|NM_000059.3|protein_coding|4/26|c.426-104T>C||||||
chr13	32900208	A	G	4.76742e-14	G|intron_variant|MODIFIER|BRCA2|BRCA2|transcript|NM_000059.3|protein_coding|4/26|c.426-30A>G||||||
chr13	32900213	A	G	1.10754e-14	G|intron_variant|MODIFIER|BRCA2|BRCA2|transcript|NM_000059.3|protein_coding|4/26|c.426-25A>G||||||
chr13	32900227	T	C	8.11438e-15	C|intron_variant|MODIFIER|BRCA2|BRCA2|transcript|NM_000059.3|protein_coding|4/26|c.426-11T>C||||||
chr13	32900232	T	C	5.84833e-07	C|splice_region_variant&intron_variant|LOW|BRCA2|BRCA2|transcript|NM_000059.3|protein_coding|4/26|c.426-6T>C||||||
chr13	32900241	T	C	1.14596e-14	C|synonymous_variant|LOW|BRCA2|BRCA2|transcript|NM_000059.3|protein_coding|5/27|c.429T>C|p.Pro143Pro|656/11386|429/10257|143/3418||
chr13	32900457	A	G	3.35661e-13	G|intron_variant|MODIFIER|BRCA2|BRCA2|transcript|NM_000059.3|protein_coding|6/26|c.516+38A>G||||||
chr13	32900933	T	A	119.445	A|intron_variant|MODIFIER|BRCA2|BRCA2|transcript|NM_000059.3|protein_coding|7/26|c.631+183T>A||||||
chr13	32905219	ATTTTTTTTTTTTGAGG	ATTTTTTTTTTTGAGG	935.413	ATTTTTTTTTTTGAGG|intron_variant|MODIFIER|BRCA2|BRCA2|transcript|NM_000059.3|protein_coding|9/26|c.793+64delT||||||
chr13	32905265	G	A	5723.87	A|intron_variant|MODIFIER|BRCA2|BRCA2|transcript|NM_000059.3|protein_coding|9/26|c.793+98G>A||||||
chr13	32905372	A	G	21.9186	G|intron_variant|MODIFIER|BRCA2|BRCA2|transcript|NM_000059.3|protein_coding|9/26|c.793+205A>G||||||
chr13	32906319	A	G	9.74069e-13	G|intron_variant|MODIFIER|BRCA2|BRCA2|transcript|NM_000059.3|protein_coding|9/26|c.794-90A>G||||||
chr13	32906329	T	C	2.33424e-10	C|intron_variant|MODIFIER|BRCA2|BRCA2|transcript|NM_000059.3|protein_coding|9/26|c.794-80T>C||||||
chr13	32906335	A	T	1.33915e-09	T|intron_variant|MODIFIER|BRCA2|BRCA2|transcript|NM_000059.3|protein_coding|9/26|c.794-74A>T||||||
chr13	32906729	A	C	10426.7	C|missense_variant|MODERATE|BRCA2|BRCA2|transcript|NM_000059.3|protein_coding|10/27|c.1114A>C|p.Asn372His|1341/11386|1114/10257|372/3418||
chr13	32907535	CTTTTTTTTTTTGTAAA	CTTTTTTTTTTGTAAA	487.235	CTTTTTTTTTTGTAAA|intron_variant|MODIFIER|BRCA2|BRCA2|transcript|NM_000059.3|protein_coding|10/26|c.1909+22delT||||||
chr13	32911888	A	G	6700.84	G|synonymous_variant|LOW|BRCA2|BRCA2|transcript|NM_000059.3|protein_coding|11/27|c.3396A>G|p.Lys1132Lys|3623/11386|3396/10257|1132/3418||
chr13	32912299	T	C	0	C|synonymous_variant|LOW|BRCA2|BRCA2|transcript|NM_000059.3|protein_coding|11/27|c.3807T>C|p.Val1269Val|4034/11386|3807/10257|1269/3418||
chr13	32913055	A	G	21054.6	G|synonymous_variant|LOW|BRCA2|BRCA2|transcript|NM_000059.3|protein_coding|11/27|c.4563A>G|p.Leu1521Leu|4790/11386|4563/10257|1521/3418||
chr13	32914174	C	G	0	G|stop_gained|HIGH|BRCA2|BRCA2|transcript|NM_000059.3|protein_coding|11/27|c.5682C>G|p.Tyr1894*|5909/11386|5682/10257|1894/3418||
chr13	32915005	G	C	15082.6	C|synonymous_variant|LOW|BRCA2|BRCA2|transcript|NM_000059.3|protein_coding|11/27|c.6513G>C|p.Val2171Val|6740/11386|6513/10257|2171/3418||
chr13	32915410	CAATTA	CA	1455.4	CA|intron_variant|MODIFIER|BRCA2|BRCA2|transcript|NM_000059.3|protein_coding|11/26|c.6841+80_6841+83delTTAA||||||INFO_REALIGN_3_PRIME
chr13	32920844	T	C	1263.34	C|intron_variant|MODIFIER|BRCA2|BRCA2|transcript|NM_000059.3|protein_coding|12/26|c.6938-120T>C||||||
chr13	32921064	A	G	1.45907e-13	G|intron_variant|MODIFIER|BRCA2|BRCA2|transcript|NM_000059.3|protein_coding|13/26|c.7007+31A>G||||||
chr13	32921109	A	G	0.00671569	G|intron_variant|MODIFIER|BRCA2|BRCA2|transcript|NM_000059.3|protein_coding|13/26|c.7007+76A>G||||||
chr13	32921252	T	C	1.70409e-11	C|intron_variant|MODIFIER|BRCA2|BRCA2|transcript|NM_000059.3|protein_coding|13/26|c.7007+219T>C||||||
chr13	32921403	A	G	0.293306	G|intron_variant|MODIFIER|BRCA2|BRCA2|transcript|NM_000059.3|protein_coding|13/26|c.7007+370A>G||||||
chr13	32921406	T	C	0.67072	C|intron_variant|MODIFIER|BRCA2|BRCA2|transcript|NM_000059.3|protein_coding|13/26|c.7007+373T>C||||||
chr13	32929232	A	G	8698.89	G|synonymous_variant|LOW|BRCA2|BRCA2|transcript|NM_000059.3|protein_coding|14/27|c.7242A>G|p.Ser2414Ser|7469/11386|7242/10257|2414/3418||
chr13	32929387	T	C	24514.3	C|missense_variant|MODERATE|BRCA2|BRCA2|transcript|NM_000059.3|protein_coding|14/27|c.7397T>C|p.Val2466Ala|7624/11386|7397/10257|2466/3418||
chr13	32930368	A	G	0.182491	G|intron_variant|MODIFIER|BRCA2|BRCA2|transcript|NM_000059.3|protein_coding|14/26|c.7436-197A>G||||||
chr13	32930372	ATTTTTTTTTTGTTTAGTAG	ATTTTTTTTTGTTTAGTAG	1.80559	ATTTTTTTTTGTTTAGTAG|intron_variant|MODIFIER|BRCA2|BRCA2|transcript|NM_000059.3|protein_coding|14/26|c.7436-183delT||||||
chr13	32930832	A	G	0	G|intron_variant|MODIFIER|BRCA2|BRCA2|transcript|NM_000059.3|protein_coding|15/26|c.7617+86A>G||||||
chr13	32932094	A	G	2.60976e-14	G|intron_variant|MODIFIER|BRCA2|BRCA2|transcript|NM_000059.3|protein_coding|16/26|c.7805+28A>G||||||
chr13	32936646	T	C	6876.59	C|intron_variant|MODIFIER|BRCA2|BRCA2|transcript|NM_000059.3|protein_coding|16/26|c.7806-14T>C||||||
chr13	32937181	T	C	6.1627e-14	C|intron_variant|MODIFIER|BRCA2|BRCA2|transcript|NM_000059.3|protein_coding|17/26|c.7977-135T>C||||||
chr13	32944473	T	C	6.55418	C|intron_variant|MODIFIER|BRCA2|BRCA2|transcript|NM_000059.3|protein_coding|18/26|c.8332-66T>C||||||
chr13	32944748	T	C	6.63277e-13	C|intron_variant|MODIFIER|BRCA2|BRCA2|transcript|NM_000059.3|protein_coding|19/26|c.8487+54T>C||||||
chr13	32945347	A	G	4.91813e-08	G|intron_variant|MODIFIER|BRCA2|BRCA2|transcript|NM_000059.3|protein_coding|20/26|c.8632+110A>G||||||
chr13	32950774	T	C	9.04081e-15	C|intron_variant|MODIFIER|BRCA2|BRCA2|transcript|NM_000059.3|protein_coding|20/26|c.8633-33T>C||||||
chr13	32953198	T	A	56.3207	A|intron_variant|MODIFIER|BRCA2|BRCA2|transcript|NM_000059.3|protein_coding|21/26|c.8755-256T>A||||||
chr13	32953388	T	C	8840.31	C|intron_variant|MODIFIER|BRCA2|BRCA2|transcript|NM_000059.3|protein_coding|21/26|c.8755-66T>C||||||
chr13	32954302	ATTTTTTTTATTGATTC	ATTTTTTTATTGATTC	12.1035	ATTTTTTTATTGATTC|intron_variant|MODIFIER|BRCA2|BRCA2|transcript|NM_000059.3|protein_coding|24/26|c.9256+28delT||||||
chr13	32970941	A	G	3.98908e-09	G|downstream_gene_variant|MODIFIER|N4BP2L1|N4BP2L1|transcript|NM_001286459.1|protein_coding||c.*6138T>C|||||3919|,G|downstream_gene_variant|MODIFIER|N4BP2L1|N4BP2L1|transcript|NM_001079691.1|protein_coding||c.*6340T>C|||||3919|,G|downstream_gene_variant|MODIFIER|N4BP2L1|N4BP2L1|transcript|NM_001286460.1|protein_coding||c.*5068T>C|||||3919|,G|downstream_gene_variant|MODIFIER|N4BP2L1|N4BP2L1|transcript|NM_001286461.1|protein_coding||c.*5076T>C|||||3919|,G|downstream_gene_variant|MODIFIER|N4BP2L1|N4BP2L1|transcript|NM_052818.2|protein_coding||c.*6138T>C|||||3919|,G|intron_variant|MODIFIER|BRCA2|BRCA2|transcript|NM_000059.3|protein_coding|25/26|c.9502-94A>G||||||
chr13	32970973	T	C	3.63991e-12	C|downstream_gene_variant|MODIFIER|N4BP2L1|N4BP2L1|transcript|NM_001286459.1|protein_coding||c.*6106A>G|||||3887|,C|downstream_gene_variant|MODIFIER|N4BP2L1|N4BP2L1|transcript|NM_001079691.1|protein_coding||c.*6308A>G|||||3887|,C|downstream_gene_variant|MODIFIER|N4BP2L1|N4BP2L1|transcript|NM_001286460.1|protein_coding||c.*5036A>G|||||3887|,C|downstream_gene_variant|MODIFIER|N4BP2L1|N4BP2L1|transcript|NM_001286461.1|protein_coding||c.*5044A>G|||||3887|,C|downstream_gene_variant|MODIFIER|N4BP2L1|N4BP2L1|transcript|NM_052818.2|protein_coding||c.*6106A>G|||||3887|,C|intron_variant|MODIFIER|BRCA2|BRCA2|transcript|NM_000059.3|protein_coding|25/26|c.9502-62T>C||||||
chr13	32971425	T	C	6101.16	C|downstream_gene_variant|MODIFIER|N4BP2L1|N4BP2L1|transcript|NM_001286459.1|protein_coding||c.*5654A>G|||||3435|,C|downstream_gene_variant|MODIFIER|N4BP2L1|N4BP2L1|transcript|NM_001079691.1|protein_coding||c.*5856A>G|||||3435|,C|downstream_gene_variant|MODIFIER|N4BP2L1|N4BP2L1|transcript|NM_001286460.1|protein_coding||c.*4584A>G|||||3435|,C|downstream_gene_variant|MODIFIER|N4BP2L1|N4BP2L1|transcript|NM_001286461.1|protein_coding||c.*4592A>G|||||3435|,C|downstream_gene_variant|MODIFIER|N4BP2L1|N4BP2L1|transcript|NM_052818.2|protein_coding||c.*5654A>G|||||3435|,C|intron_variant|MODIFIER|BRCA2|BRCA2|transcript|NM_000059.3|protein_coding|26/26|c.9648+244T>C||||||
chr13	32971706	ATTTTTTTTTCTCATC	ATTTTTTTTCTCATC	4942.6	ATTTTTTTTCTCATC|downstream_gene_variant|MODIFIER|N4BP2L1|N4BP2L1|transcript|NM_001286459.1|protein_coding||c.*5364delA|||||3145|,ATTTTTTTTCTCATC|downstream_gene_variant|MODIFIER|N4BP2L1|N4BP2L1|transcript|NM_001079691.1|protein_coding||c.*5566delA|||||3145|,ATTTTTTTTCTCATC|downstream_gene_variant|MODIFIER|N4BP2L1|N4BP2L1|transcript|NM_001286460.1|protein_coding||c.*4294delA|||||3145|,ATTTTTTTTCTCATC|downstream_gene_variant|MODIFIER|N4BP2L1|N4BP2L1|transcript|NM_001286461.1|protein_coding||c.*4302delA|||||3145|,ATTTTTTTTCTCATC|downstream_gene_variant|MODIFIER|N4BP2L1|N4BP2L1|transcript|NM_052818.2|protein_coding||c.*5364delA|||||3145|,ATTTTTTTTCTCATC|intron_variant|MODIFIER|BRCA2|BRCA2|transcript|NM_000059.3|protein_coding|26/26|c.9648+534delT||||||
chr13	32971985	T	C	4.49473e-12	C|downstream_gene_variant|MODIFIER|N4BP2L1|N4BP2L1|transcript|NM_001286459.1|protein_coding||c.*5094A>G|||||2875|,C|downstream_gene_variant|MODIFIER|N4BP2L1|N4BP2L1|transcript|NM_001079691.1|protein_coding||c.*5296A>G|||||2875|,C|downstream_gene_variant|MODIFIER|N4BP2L1|N4BP2L1|transcript|NM_001286460.1|protein_coding||c.*4024A>G|||||2875|,C|downstream_gene_variant|MODIFIER|N4BP2L1|N4BP2L1|transcript|NM_001286461.1|protein_coding||c.*4032A>G|||||2875|,C|downstream_gene_variant|MODIFIER|N4BP2L1|N4BP2L1|transcript|NM_052818.2|protein_coding||c.*5094A>G|||||2875|,C|intron_variant|MODIFIER|BRCA2|BRCA2|transcript|NM_000059.3|protein_coding|26/26|c.9649-314T>C||||||
chr13	32971991	A	G	1.03476e-07	G|downstream_gene_variant|MODIFIER|N4BP2L1|N4BP2L1|transcript|NM_001286459.1|protein_coding||c.*5088T>C|||||2869|,G|downstream_gene_variant|MODIFIER|N4BP2L1|N4BP2L1|transcript|NM_001079691.1|protein_coding||c.*5290T>C|||||2869|,G|downstream_gene_variant|MODIFIER|N4BP2L1|N4BP2L1|transcript|NM_001286460.1|protein_coding||c.*4018T>C|||||2869|,G|downstream_gene_variant|MODIFIER|N4BP2L1|N4BP2L1|transcript|NM_001286461.1|protein_coding||c.*4026T>C|||||2869|,G|downstream_gene_variant|MODIFIER|N4BP2L1|N4BP2L1|transcript|NM_052818.2|protein_coding||c.*5088T>C|||||2869|,G|intron_variant|MODIFIER|BRCA2|BRCA2|transcript|NM_000059.3|protein_coding|26/26|c.9649-308A>G||||||
chr13	32972002	A	G	0.00434921	G|downstream_gene_variant|MODIFIER|N4BP2L1|N4BP2L1|transcript|NM_001286459.1|protein_coding||c.*5077T>C|||||2858|,G|downstream_gene_variant|MODIFIER|N4BP2L1|N4BP2L1|transcript|NM_001079691.1|protein_coding||c.*5279T>C|||||2858|,G|downstream_gene_variant|MODIFIER|N4BP2L1|N4BP2L1|transcript|NM_001286460.1|protein_coding||c.*4007T>C|||||2858|,G|downstream_gene_variant|MODIFIER|N4BP2L1|N4BP2L1|transcript|NM_001286461.1|protein_coding||c.*4015T>C|||||2858|,G|downstream_gene_variant|MODIFIER|N4BP2L1|N4BP2L1|transcript|NM_052818.2|protein_coding||c.*5077T>C|||||2858|,G|intron_variant|MODIFIER|BRCA2|BRCA2|transcript|NM_000059.3|protein_coding|26/26|c.9649-297A>G||||||
chr13	32972039	C	T	2.07905e-09	T|downstream_gene_variant|MODIFIER|N4BP2L1|N4BP2L1|transcript|NM_001286459.1|protein_coding||c.*5040G>A|||||2821|,T|downstream_gene_variant|MODIFIER|N4BP2L1|N4BP2L1|transcript|NM_001079691.1|protein_coding||c.*5242G>A|||||2821|,T|downstream_gene_variant|MODIFIER|N4BP2L1|N4BP2L1|transcript|NM_001286460.1|protein_coding||c.*3970G>A|||||2821|,T|downstream_gene_variant|MODIFIER|N4BP2L1|N4BP2L1|transcript|NM_001286461.1|protein_coding||c.*3978G>A|||||2821|,T|downstream_gene_variant|MODIFIER|N4BP2L1|N4BP2L1|transcript|NM_052818.2|protein_coding||c.*5040G>A|||||2821|,T|intron_variant|MODIFIER|BRCA2|BRCA2|transcript|NM_000059.3|protein_coding|26/26|c.9649-260C>T||||||
chr13	32973018	A	G	1.6699e-09	G|3_prime_UTR_variant|MODIFIER|BRCA2|BRCA2|transcript|NM_000059.3|protein_coding|27/27|c.*111A>G|||||111|,G|downstream_gene_variant|MODIFIER|N4BP2L1|N4BP2L1|transcript|NM_001286459.1|protein_coding||c.*4061T>C|||||1842|,G|downstream_gene_variant|MODIFIER|N4BP2L1|N4BP2L1|transcript|NM_001079691.1|protein_coding||c.*4263T>C|||||1842|,G|downstream_gene_variant|MODIFIER|N4BP2L1|N4BP2L1|transcript|NM_001286460.1|protein_coding||c.*2991T>C|||||1842|,G|downstream_gene_variant|MODIFIER|N4BP2L1|N4BP2L1|transcript|NM_001286461.1|protein_coding||c.*2999T>C|||||1842|,G|downstream_gene_variant|MODIFIER|N4BP2L1|N4BP2L1|transcript|NM_052818.2|protein_coding||c.*4061T>C|||||1842|
chr17	41215292	T	C	1.08577e-11	C|intron_variant|MODIFIER|BRCA1|BRCA1|transcript|NM_007300.3|protein_coding|19/23|c.5256+58A>G||||||,C|intron_variant|MODIFIER|BRCA1|BRCA1|transcript|NM_007298.3|protein_coding|17/21|c.1881+58A>G||||||,C|intron_variant|MODIFIER|BRCA1|BRCA1|transcript|NR_027676.1|pseudogene|18/22|n.5329+58A>G||||||,C|intron_variant|MODIFIER|BRCA1|BRCA1|transcript|NM_007297.3|protein_coding|17/21|c.5052+58A>G||||||,C|intron_variant|MODIFIER|BRCA1|BRCA1|transcript|NM_007299.3|protein_coding|18/21|c.1881+58A>G||||||,C|intron_variant|MODIFIER|BRCA1|BRCA1|transcript|NM_007294.3|protein_coding|18/22|c.5193+58A>G||||||
chr17	41215294	T	C	5.12796e-13	C|intron_variant|MODIFIER|BRCA1|BRCA1|transcript|NM_007300.3|protein_coding|19/23|c.5256+56A>G||||||,C|intron_variant|MODIFIER|BRCA1|BRCA1|transcript|NM_007298.3|protein_coding|17/21|c.1881+56A>G||||||,C|intron_variant|MODIFIER|BRCA1|BRCA1|transcript|NR_027676.1|pseudogene|18/22|n.5329+56A>G||||||,C|intron_variant|MODIFIER|BRCA1|BRCA1|transcript|NM_007297.3|protein_coding|17/21|c.5052+56A>G||||||,C|intron_variant|MODIFIER|BRCA1|BRCA1|transcript|NM_007299.3|protein_coding|18/21|c.1881+56A>G||||||,C|intron_variant|MODIFIER|BRCA1|BRCA1|transcript|NM_007294.3|protein_coding|18/22|c.5193+56A>G||||||
chr17	41215295	T	C	1.19628e-12	C|intron_variant|MODIFIER|BRCA1|BRCA1|transcript|NM_007300.3|protein_coding|19/23|c.5256+55A>G||||||,C|intron_variant|MODIFIER|BRCA1|BRCA1|transcript|NM_007298.3|protein_coding|17/21|c.1881+55A>G||||||,C|intron_variant|MODIFIER|BRCA1|BRCA1|transcript|NR_027676.1|pseudogene|18/22|n.5329+55A>G||||||,C|intron_variant|MODIFIER|BRCA1|BRCA1|transcript|NM_007297.3|protein_coding|17/21|c.5052+55A>G||||||,C|intron_variant|MODIFIER|BRCA1|BRCA1|transcript|NM_007299.3|protein_coding|18/21|c.1881+55A>G||||||,C|intron_variant|MODIFIER|BRCA1|BRCA1|transcript|NM_007294.3|protein_coding|18/22|c.5193+55A>G||||||
chr17	41215813	T	C	8.25105e-14	C|intron_variant|MODIFIER|BRCA1|BRCA1|transcript|NM_007300.3|protein_coding|18/23|c.5215+78A>G||||||,C|intron_variant|MODIFIER|BRCA1|BRCA1|transcript|NM_007298.3|protein_coding|16/21|c.1840+78A>G||||||,C|intron_variant|MODIFIER|BRCA1|BRCA1|transcript|NR_027676.1|pseudogene|17/22|n.5288+78A>G||||||,C|intron_variant|MODIFIER|BRCA1|BRCA1|transcript|NM_007297.3|protein_coding|16/21|c.5011+78A>G||||||,C|intron_variant|MODIFIER|BRCA1|BRCA1|transcript|NM_007299.3|protein_coding|17/21|c.1840+78A>G||||||,C|intron_variant|MODIFIER|BRCA1|BRCA1|transcript|NM_007294.3|protein_coding|17/22|c.5152+78A>G||||||
chr17	41222843	G	T	9.90707e-05	T|intron_variant|MODIFIER|BRCA1|BRCA1|transcript|NM_007300.3|protein_coding|16/23|c.5049+102C>A||||||,T|intron_variant|MODIFIER|BRCA1|BRCA1|transcript|NM_007298.3|protein_coding|14/21|c.1674+102C>A||||||,T|intron_variant|MODIFIER|BRCA1|BRCA1|transcript|NR_027676.1|pseudogene|15/22|n.5122+102C>A||||||,T|intron_variant|MODIFIER|BRCA1|BRCA1|transcript|NM_007297.3|protein_coding|14/21|c.4845+102C>A||||||,T|intron_variant|MODIFIER|BRCA1|BRCA1|transcript|NM_007299.3|protein_coding|15/21|c.1674+102C>A||||||,T|intron_variant|MODIFIER|BRCA1|BRCA1|transcript|NM_007294.3|protein_coding|15/22|c.4986+102C>A||||||
chr17	41222948	TTCTTCTGGGGTCAGGCCAGA	TA	5422.14	TA|frameshift_variant|HIGH|BRCA1|BRCA1|transcript|NM_007300.3|protein_coding|16/24|c.5027_5045delCTGGCCTGACCCCAGAAGA|p.Ser1676fs|5277/7270|5027/5655|1676/1884||,TA|frameshift_variant|HIGH|BRCA1|BRCA1|transcript|NM_007298.3|protein_coding|14/22|c.1652_1670delCTGGCCTGACCCCAGAAGA|p.Ser551fs|1689/3682|1652/2280|551/759||,TA|frameshift_variant|HIGH|BRCA1|BRCA1|transcript|NM_007297.3|protein_coding|14/22|c.4823_4841delCTGGCCTGACCCCAGAAGA|p.Ser1608fs|5122/7115|4823/5451|1608/1816||,TA|frameshift_variant|HIGH|BRCA1|BRCA1|transcript|NM_007299.3|protein_coding|15/22|c.1652_1670delCTGGCCTGACCCCAGAAGA|p.Ser551fs|1864/3783|1652/2100|551/699||,TA|frameshift_variant|HIGH|BRCA1|BRCA1|transcript|NM_007294.3|protein_coding|15/23|c.4964_4982delCTGGCCTGACCCCAGAAGA|p.Ser1655fs|5214/7207|4964/5592|1655/1863||,TA|structural_interaction_variant|HIGH|BRCA1|BRCA1|interaction|1JNX:X_1661-X_1690:NM_007294.3|protein_coding|15/23|c.4964_4982delCTGGCCTGACCCCAGAAGA||||||,TA|structural_interaction_variant|HIGH|BRCA1|BRCA1|interaction|1T15:A_1661-A_1690:NM_007294.3|protein_coding|15/23|c.4964_4982delCTGGCCTGACCCCAGAAGA||||||,TA|structural_interaction_variant|HIGH|BRCA1|BRCA1|interaction|1T29:A_1661-A_1690:NM_007294.3|protein_coding|15/23|c.4964_4982delCTGGCCTGACCCCAGAAGA||||||,TA|structural_interaction_variant|HIGH|BRCA1|BRCA1|interaction|3K0H:A_1661-A_1690:NM_007294.3|protein_coding|15/23|c.4964_4982delCTGGCCTGACCCCAGAAGA||||||,TA|structural_interaction_variant|HIGH|BRCA1|BRCA1|interaction|3PXA:A_1661-A_1690:NM_007294.3|protein_coding|15/23|c.4964_4982delCTGGCCTGACCCCAGAAGA||||||,TA|structural_interaction_variant|HIGH|BRCA1|BRCA1|interaction|3PXB:A_1661-A_1690:NM_007294.3|protein_coding|15/23|c.4964_4982delCTGGCCTGACCCCAGAAGA||||||,TA|structural_interaction_variant|HIGH|BRCA1|BRCA1|interaction|3PXC:X_1661-X_1690:NM_007294.3|protein_coding|15/23|c.4964_4982delCTGGCCTGACCCCAGAAGA||||||,TA|structural_interaction_variant|HIGH|BRCA1|BRCA1|interaction|3PXD:A_1661-A_1690:NM_007294.3|protein_coding|15/23|c.4964_4982delCTGGCCTGACCCCAGAAGA||||||,TA|structural_interaction_variant|HIGH|BRCA1|BRCA1|interaction|3PXE:A_1661-A_1690:NM_007294.3|protein_coding|15/23|c.4964_4982delCTGGCCTGACCCCAGAAGA||||||,TA|structural_interaction_variant|HIGH|BRCA1|BRCA1|interaction|3PXE:B_1661-B_1690:NM_007294.3|protein_coding|15/23|c.4964_4982delCTGGCCTGACCCCAGAAGA||||||,TA|structural_interaction_variant|HIGH|BRCA1|BRCA1|interaction|4IGK:A_1661-A_1690:NM_007294.3|protein_coding|15/23|c.4964_4982delCTGGCCTGACCCCAGAAGA||||||,TA|structural_interaction_variant|HIGH|BRCA1|BRCA1|interaction|4IGK:B_1661-B_1690:NM_007294.3|protein_coding|15/23|c.4964_4982delCTGGCCTGACCCCAGAAGA||||||,TA|structural_interaction_variant|HIGH|BRCA1|BRCA1|interaction|3PXE:C_1656-C_1690:NM_007294.3|protein_coding|15/23|c.4964_4982delCTGGCCTGACCCCAGAAGA||||||,TA|structural_interaction_variant|HIGH|BRCA1|BRCA1|interaction|1JNX:X_1655-X_1688:NM_007294.3|protein_coding|15/23|c.4964_4982delCTGGCCTGACCCCAGAAGA||||||,TA|structural_interaction_variant|HIGH|BRCA1|BRCA1|interaction|1JNX:X_1655-X_1700:NM_007294.3|protein_coding|15/23|c.4964_4982delCTGGCCTGACCCCAGAAGA||||||,TA|structural_interaction_variant|HIGH|BRCA1|BRCA1|interaction|1N5O:X_1655-X_1688:NM_007294.3|protein_coding|15/23|c.4964_4982delCTGGCCTGACCCCAGAAGA||||||,TA|structural_interaction_variant|HIGH|BRCA1|BRCA1|interaction|1N5O:X_1655-X_1700:NM_007294.3|protein_coding|15/23|c.4964_4982delCTGGCCTGACCCCAGAAGA||||||,TA|structural_interaction_variant|HIGH|BRCA1|BRCA1|interaction|1T15:A_1655-A_1688:NM_007294.3|protein_coding|15/23|c.4964_4982delCTGGCCTGACCCCAGAAGA||||||,TA|structural_interaction_variant|HIGH|BRCA1|BRCA1|interaction|1T15:A_1655-A_1700:NM_007294.3|protein_coding|15/23|c.4964_4982delCTGGCCTGACCCCAGAAGA||||||,TA|structural_interaction_variant|HIGH|BRCA1|BRCA1|interaction|1T29:A_1655-A_1700:NM_007294.3|protein_coding|15/23|c.4964_4982delCTGGCCTGACCCCAGAAGA||||||,TA|structural_interaction_variant|HIGH|BRCA1|BRCA1|interaction|1T2U:A_1655-A_1688:NM_007294.3|protein_coding|15/23|c.4964_4982delCTGGCCTGACCCCAGAAGA||||||,TA|structural_interaction_variant|HIGH|BRCA1|BRCA1|interaction|1Y98:A_1655-A_1688:NM_007294.3|protein_coding|15/23|c.4964_4982delCTGGCCTGACCCCAGAAGA||||||,TA|structural_interaction_variant|HIGH|BRCA1|BRCA1|interaction|1Y98:A_1655-A_1700:NM_007294.3|protein_coding|15/23|c.4964_4982delCTGGCCTGACCCCAGAAGA||||||,TA|structural_interaction_variant|HIGH|BRCA1|BRCA1|interaction|3K0H:A_1655-A_1688:NM_007294.3|protein_coding|15/23|c.4964_4982delCTGGCCTGACCCCAGAAGA||||||,TA|structural_interaction_variant|HIGH|BRCA1|BRCA1|interaction|3K0H:A_1655-A_1700:NM_007294.3|protein_coding|15/23|c.4964_4982delCTGGCCTGACCCCAGAAGA||||||,TA|structural_interaction_variant|HIGH|BRCA1|BRCA1|interaction|3K0K:A_1655-A_1688:NM_007294.3|protein_coding|15/23|c.4964_4982delCTGGCCTGACCCCAGAAGA||||||,TA|structural_interaction_variant|HIGH|BRCA1|BRCA1|interaction|3K0K:A_1655-A_1700:NM_007294.3|protein_coding|15/23|c.4964_4982delCTGGCCTGACCCCAGAAGA||||||,TA|structural_interaction_variant|HIGH|BRCA1|BRCA1|interaction|3K15:A_1655-A_1688:NM_007294.3|protein_coding|15/23|c.4964_4982delCTGGCCTGACCCCAGAAGA||||||,TA|structural_interaction_variant|HIGH|BRCA1|BRCA1|interaction|3K15:A_1655-A_1700:NM_007294.3|protein_coding|15/23|c.4964_4982delCTGGCCTGACCCCAGAAGA||||||,TA|structural_interaction_variant|HIGH|BRCA1|BRCA1|interaction|3K16:A_1655-A_1688:NM_007294.3|protein_coding|15/23|c.4964_4982delCTGGCCTGACCCCAGAAGA||||||,TA|structural_interaction_variant|HIGH|BRCA1|BRCA1|interaction|3PXA:A_1655-A_1688:NM_007294.3|protein_coding|15/23|c.4964_4982delCTGGCCTGACCCCAGAAGA||||||,TA|structural_interaction_variant|HIGH|BRCA1|BRCA1|interaction|3PXA:A_1655-A_1700:NM_007294.3|protein_coding|15/23|c.4964_4982delCTGGCCTGACCCCAGAAGA||||||,TA|structural_interaction_variant|HIGH|BRCA1|BRCA1|interaction|3PXB:A_1655-A_1688:NM_007294.3|protein_coding|15/23|c.4964_4982delCTGGCCTGACCCCAGAAGA||||||,TA|structural_interaction_variant|HIGH|BRCA1|BRCA1|interaction|3PXC:X_1655-X_1688:NM_007294.3|protein_coding|15/23|c.4964_4982delCTGGCCTGACCCCAGAAGA||||||,TA|structural_interaction_variant|HIGH|BRCA1|BRCA1|interaction|3PXC:X_1655-X_1700:NM_007294.3|protein_coding|15/23|c.4964_4982delCTGGCCTGACCCCAGAAGA||||||,TA|structural_interaction_variant|HIGH|BRCA1|BRCA1|interaction|3PXD:A_1655-A_1688:NM_007294.3|protein_coding|15/23|c.4964_4982delCTGGCCTGACCCCAGAAGA||||||,TA|structural_interaction_variant|HIGH|BRCA1|BRCA1|interaction|3PXD:A_1655-A_1700:NM_007294.3|protein_coding|15/23|c.4964_4982delCTGGCCTGACCCCAGAAGA||||||,TA|structural_interaction_variant|HIGH|BRCA1|BRCA1|interaction|3PXE:A_1655-A_1688:NM_007294.3|protein_coding|15/23|c.4964_4982delCTGGCCTGACCCCAGAAGA||||||,TA|structural_interaction_variant|HIGH|BRCA1|BRCA1|interaction|3PXE:A_1655-A_1690:NM_007294.3|protein_coding|15/23|c.4964_4982delCTGGCCTGACCCCAGAAGA||||||,TA|structural_interaction_variant|HIGH|BRCA1|BRCA1|interaction|3PXE:A_1655-A_1700:NM_007294.3|protein_coding|15/23|c.4964_4982delCTGGCCTGACCCCAGAAGA||||||,TA|structural_interaction_variant|HIGH|BRCA1|BRCA1|interaction|3PXE:B_1655-B_1688:NM_007294.3|protein_coding|15/23|c.4964_4982delCTGGCCTGACCCCAGAAGA||||||,TA|structural_interaction_variant|HIGH|BRCA1|BRCA1|interaction|3PXE:B_1655-B_1690:NM_007294.3|protein_coding|15/23|c.4964_4982delCTGGCCTGACCCCAGAAGA||||||,TA|structural_interaction_variant|HIGH|BRCA1|BRCA1|interaction|3PXE:B_1655-B_1700:NM_007294.3|protein_coding|15/23|c.4964_4982delCTGGCCTGACCCCAGAAGA||||||,TA|structural_interaction_variant|HIGH|BRCA1|BRCA1|interaction|3PXE:C_1655-C_1688:NM_007294.3|protein_coding|15/23|c.4964_4982delCTGGCCTGACCCCAGAAGA||||||,TA|structural_interaction_variant|HIGH|BRCA1|BRCA1|interaction|3PXE:C_1655-C_1700:NM_007294.3|protein_coding|15/23|c.4964_4982delCTGGCCTGACCCCAGAAGA||||||,TA|structural_interaction_variant|HIGH|BRCA1|BRCA1|interaction|3PXE:D_1655-D_1688:NM_007294.3|protein_coding|15/23|c.4964_4982delCTGGCCTGACCCCAGAAGA||||||,TA|structural_interaction_variant|HIGH|BRCA1|BRCA1|interaction|3PXE:D_1655-D_1700:NM_007294.3|protein_coding|15/23|c.4964_4982delCTGGCCTGACCCCAGAAGA||||||,TA|structural_interaction_variant|HIGH|BRCA1|BRCA1|interaction|4IFI:A_1655-A_1688:NM_007294.3|protein_coding|15/23|c.4964_4982delCTGGCCTGACCCCAGAAGA||||||,TA|structural_interaction_variant|HIGH|BRCA1|BRCA1|interaction|4IFI:A_1655-A_1700:NM_007294.3|protein_coding|15/23|c.4964_4982delCTGGCCTGACCCCAGAAGA||||||,TA|structural_interaction_variant|HIGH|BRCA1|BRCA1|interaction|4IGK:A_1655-A_1688:NM_007294.3|protein_coding|15/23|c.4964_4982delCTGGCCTGACCCCAGAAGA||||||,TA|structural_interaction_variant|HIGH|BRCA1|BRCA1|interaction|4IGK:A_1655-A_1700:NM_007294.3|protein_coding|15/23|c.4964_4982delCTGGCCTGACCCCAGAAGA||||||,TA|structural_interaction_variant|HIGH|BRCA1|BRCA1|interaction|4IGK:B_1655-B_1688:NM_007294.3|protein_coding|15/23|c.4964_4982delCTGGCCTGACCCCAGAAGA||||||,TA|structural_interaction_variant|HIGH|BRCA1|BRCA1|interaction|4IGK:B_1655-B_1700:NM_007294.3|protein_coding|15/23|c.4964_4982delCTGGCCTGACCCCAGAAGA||||||,TA|sequence_feature|LOW|BRCA1|BRCA1|helix:combinatorial_evidence_used_in_manual_assertion|NM_007300.3|protein_coding|16/24|c.5027_5045delCTGGCCTGACCCCAGAAGA||||||,TA|sequence_feature|LOW|BRCA1|BRCA1|helix:combinatorial_evidence_used_in_manual_assertion|NM_007298.3|protein_coding|14/22|c.1652_1670delCTGGCCTGACCCCAGAAGA||||||,TA|sequence_feature|LOW|BRCA1|BRCA1|helix:combinatorial_evidence_used_in_manual_assertion|NM_007297.3|protein_coding|14/22|c.4823_4841delCTGGCCTGACCCCAGAAGA||||||,TA|sequence_feature|LOW|BRCA1|BRCA1|helix:combinatorial_evidence_used_in_manual_assertion|NM_007299.3|protein_coding|15/22|c.1652_1670delCTGGCCTGACCCCAGAAGA||||||,TA|sequence_feature|LOW|BRCA1|BRCA1|helix:combinatorial_evidence_used_in_manual_assertion|NM_007294.3|protein_coding|15/23|c.4964_4982delCTGGCCTGACCCCAGAAGA||||||,TA|non_coding_transcript_exon_variant|MODIFIER|BRCA1|BRCA1|transcript|NR_027676.1|pseudogene|15/23|n.5100_5118delCTGGCCTGACCCCAGAAGA||||||
chr17	41234383	T	C	1.45857e-14	C|intron_variant|MODIFIER|BRCA1|BRCA1|transcript|NM_007300.3|protein_coding|12/23|c.4357+38A>G||||||,C|intron_variant|MODIFIER|BRCA1|BRCA1|transcript|NM_007298.3|protein_coding|11/21|c.1048+38A>G||||||,C|intron_variant|MODIFIER|BRCA1|BRCA1|transcript|NR_027676.1|pseudogene|12/22|n.4493+38A>G||||||,C|intron_variant|MODIFIER|BRCA1|BRCA1|transcript|NM_007297.3|protein_coding|11/21|c.4216+38A>G||||||,C|intron_variant|MODIFIER|BRCA1|BRCA1|transcript|NM_007299.3|protein_coding|12/21|c.1048+38A>G||||||,C|intron_variant|MODIFIER|BRCA1|BRCA1|transcript|NM_007294.3|protein_coding|12/22|c.4357+38A>G||||||
chr17	41234694	A	G	7.10989e-09	G|intron_variant|MODIFIER|BRCA1|BRCA1|transcript|NM_007300.3|protein_coding|11/23|c.4186-102T>C||||||,G|intron_variant|MODIFIER|BRCA1|BRCA1|transcript|NM_007298.3|protein_coding|10/21|c.877-102T>C||||||,G|intron_variant|MODIFIER|BRCA1|BRCA1|transcript|NR_027676.1|pseudogene|11/22|n.4322-102T>C||||||,G|intron_variant|MODIFIER|BRCA1|BRCA1|transcript|NM_007297.3|protein_coding|10/21|c.4045-102T>C||||||,G|intron_variant|MODIFIER|BRCA1|BRCA1|transcript|NM_007299.3|protein_coding|11/21|c.877-102T>C||||||,G|intron_variant|MODIFIER|BRCA1|BRCA1|transcript|NM_007294.3|protein_coding|11/22|c.4186-102T>C||||||
chr17	41234701	A	G	1.6699e-09	G|intron_variant|MODIFIER|BRCA1|BRCA1|transcript|NM_007300.3|protein_coding|11/23|c.4186-109T>C||||||,G|intron_variant|MODIFIER|BRCA1|BRCA1|transcript|NM_007298.3|protein_coding|10/21|c.877-109T>C||||||,G|intron_variant|MODIFIER|BRCA1|BRCA1|transcript|NR_027676.1|pseudogene|11/22|n.4322-109T>C||||||,G|intron_variant|MODIFIER|BRCA1|BRCA1|transcript|NM_007297.3|protein_coding|10/21|c.4045-109T>C||||||,G|intron_variant|MODIFIER|BRCA1|BRCA1|transcript|NM_007299.3|protein_coding|11/21|c.877-109T>C||||||,G|intron_variant|MODIFIER|BRCA1|BRCA1|transcript|NM_007294.3|protein_coding|11/22|c.4186-109T>C||||||
chr17	41234702	G	A	3.63354e-10	A|intron_variant|MODIFIER|BRCA1|BRCA1|transcript|NM_007300.3|protein_coding|11/23|c.4186-110C>T||||||,A|intron_variant|MODIFIER|BRCA1|BRCA1|transcript|NM_007298.3|protein_coding|10/21|c.877-110C>T||||||,A|intron_variant|MODIFIER|BRCA1|BRCA1|transcript|NR_027676.1|pseudogene|11/22|n.4322-110C>T||||||,A|intron_variant|MODIFIER|BRCA1|BRCA1|transcript|NM_007297.3|protein_coding|10/21|c.4045-110C>T||||||,A|intron_variant|MODIFIER|BRCA1|BRCA1|transcript|NM_007299.3|protein_coding|11/21|c.877-110C>T||||||,A|intron_variant|MODIFIER|BRCA1|BRCA1|transcript|NM_007294.3|protein_coding|11/22|c.4186-110C>T||||||
chr17	41242938	GCACACACACACACG	GCACACACACACG	1.0692e-13	GCACACACACACG|intron_variant|MODIFIER|BRCA1|BRCA1|transcript|NM_007300.3|protein_coding|11/23|c.4185+10_4185+11delGT||||||,GCACACACACACG|intron_variant|MODIFIER|BRCA1|BRCA1|transcript|NM_007298.3|protein_coding|10/21|c.876+10_876+11delGT||||||,GCACACACACACG|intron_variant|MODIFIER|BRCA1|BRCA1|transcript|NR_027676.1|pseudogene|11/22|n.4321+10_4321+11delGT||||||,GCACACACACACG|intron_variant|MODIFIER|BRCA1|BRCA1|transcript|NM_007297.3|protein_coding|10/21|c.4044+10_4044+11delGT||||||,GCACACACACACG|intron_variant|MODIFIER|BRCA1|BRCA1|transcript|NM_007299.3|protein_coding|11/21|c.876+10_876+11delGT||||||,GCACACACACACG|intron_variant|MODIFIER|BRCA1|BRCA1|transcript|NM_007294.3|protein_coding|11/22|c.4185+10_4185+11delGT||||||
chr17	41248000	A	G	2.54949e-14	G|intron_variant|MODIFIER|BRCA1|BRCA1|transcript|NM_007300.3|protein_coding|8/23|c.594-61T>C||||||,G|intron_variant|MODIFIER|BRCA1|BRCA1|transcript|NM_007298.3|protein_coding|7/21|c.594-61T>C||||||,G|intron_variant|MODIFIER|BRCA1|BRCA1|transcript|NR_027676.1|pseudogene|8/22|n.730-61T>C||||||,G|intron_variant|MODIFIER|BRCA1|BRCA1|transcript|NM_007297.3|protein_coding|7/21|c.453-61T>C||||||,G|intron_variant|MODIFIER|BRCA1|BRCA1|transcript|NM_007299.3|protein_coding|8/21|c.594-61T>C||||||,G|intron_variant|MODIFIER|BRCA1|BRCA1|transcript|NM_007294.3|protein_coding|8/22|c.594-61T>C||||||
chr17	41249198	A	G	6.27178e-11	G|intron_variant|MODIFIER|BRCA1|BRCA1|transcript|NM_007300.3|protein_coding|8/23|c.593+63T>C||||||,G|intron_variant|MODIFIER|BRCA1|BRCA1|transcript|NM_007298.3|protein_coding|7/21|c.593+63T>C||||||,G|intron_variant|MODIFIER|BRCA1|BRCA1|transcript|NR_027676.1|pseudogene|8/22|n.729+63T>C||||||,G|intron_variant|MODIFIER|BRCA1|BRCA1|transcript|NM_007297.3|protein_coding|7/21|c.452+63T>C||||||,G|intron_variant|MODIFIER|BRCA1|BRCA1|transcript|NM_007299.3|protein_coding|8/21|c.593+63T>C||||||,G|intron_variant|MODIFIER|BRCA1|BRCA1|transcript|NM_007294.3|protein_coding|8/22|c.593+63T>C||||||
chr17	41249414	A	G	0.0187099	G|intron_variant|MODIFIER|BRCA1|BRCA1|transcript|NM_007300.3|protein_coding|7/23|c.548-108T>C||||||,G|intron_variant|MODIFIER|BRCA1|BRCA1|transcript|NM_007298.3|protein_coding|6/21|c.548-108T>C||||||,G|intron_variant|MODIFIER|BRCA1|BRCA1|transcript|NR_027676.1|pseudogene|7/22|n.684-108T>C||||||,G|intron_variant|MODIFIER|BRCA1|BRCA1|transcript|NM_007297.3|protein_coding|6/21|c.407-108T>C||||||,G|intron_variant|MODIFIER|BRCA1|BRCA1|transcript|NM_007299.3|protein_coding|7/21|c.548-108T>C||||||,G|intron_variant|MODIFIER|BRCA1|BRCA1|transcript|NM_007294.3|protein_coding|7/22|c.548-108T>C||||||
chr17	41251754	A	G	3.62497e-10	G|intron_variant|MODIFIER|BRCA1|BRCA1|transcript|NM_007300.3|protein_coding|7/23|c.547+38T>C||||||,G|intron_variant|MODIFIER|BRCA1|BRCA1|transcript|NM_007298.3|protein_coding|6/21|c.547+38T>C||||||,G|intron_variant|MODIFIER|BRCA1|BRCA1|transcript|NR_027676.1|pseudogene|7/22|n.683+38T>C||||||,G|intron_variant|MODIFIER|BRCA1|BRCA1|transcript|NM_007297.3|protein_coding|6/21|c.406+38T>C||||||,G|intron_variant|MODIFIER|BRCA1|BRCA1|transcript|NM_007299.3|protein_coding|7/21|c.547+38T>C||||||,G|intron_variant|MODIFIER|BRCA1|BRCA1|transcript|NM_007294.3|protein_coding|7/22|c.547+38T>C||||||
chr17	41251767	T	C	3.38873e-14	C|intron_variant|MODIFIER|BRCA1|BRCA1|transcript|NM_007300.3|protein_coding|7/23|c.547+25A>G||||||,C|intron_variant|MODIFIER|BRCA1|BRCA1|transcript|NM_007298.3|protein_coding|6/21|c.547+25A>G||||||,C|intron_variant|MODIFIER|BRCA1|BRCA1|transcript|NR_027676.1|pseudogene|7/22|n.683+25A>G||||||,C|intron_variant|MODIFIER|BRCA1|BRCA1|transcript|NM_007297.3|protein_coding|6/21|c.406+25A>G||||||,C|intron_variant|MODIFIER|BRCA1|BRCA1|transcript|NM_007299.3|protein_coding|7/21|c.547+25A>G||||||,C|intron_variant|MODIFIER|BRCA1|BRCA1|transcript|NM_007294.3|protein_coding|7/22|c.547+25A>G||||||
chr17	41251931	G	A	521.38	A|intron_variant|MODIFIER|BRCA1|BRCA1|transcript|NM_007300.3|protein_coding|6/23|c.442-34C>T||||||,A|intron_variant|MODIFIER|BRCA1|BRCA1|transcript|NM_007298.3|protein_coding|5/21|c.442-34C>T||||||,A|intron_variant|MODIFIER|BRCA1|BRCA1|transcript|NR_027676.1|pseudogene|6/22|n.581-37C>T||||||,A|intron_variant|MODIFIER|BRCA1|BRCA1|transcript|NM_007297.3|protein_coding|5/21|c.301-34C>T||||||,A|intron_variant|MODIFIER|BRCA1|BRCA1|transcript|NM_007299.3|protein_coding|6/21|c.442-34C>T||||||,A|intron_variant|MODIFIER|BRCA1|BRCA1|transcript|NM_007294.3|protein_coding|6/22|c.442-34C>T||||||
chr17	41256074	CAAAAAAAAAAAAGAAAAAAAAAAGAAAAGAAGAAGAAGAAGAAGAAGAAAACAAATGGT	CAAAAAAAAAAAGAAAAAAAAAAGAAAAGAAGAAGAAGAAGAAGAAGAAAACAAATGGT	180.91	CAAAAAAAAAAAGAAAAAAAAAAGAAAAGAAGAAGAAGAAGAAGAAGAAAACAAATGGT|intron_variant|MODIFIER|BRCA1|BRCA1|transcript|NM_007300.3|protein_coding|6/23|c.441+53delT||||||,CAAAAAAAAAAAGAAAAAAAAAAGAAAAGAAGAAGAAGAAGAAGAAGAAAACAAATGGT|intron_variant|MODIFIER|BRCA1|BRCA1|transcript|NM_007298.3|protein_coding|5/21|c.441+53delT||||||,CAAAAAAAAAAAGAAAAAAAAAAGAAAAGAAGAAGAAGAAGAAGAAGAAAACAAATGGT|intron_variant|MODIFIER|BRCA1|BRCA1|transcript|NR_027676.1|pseudogene|6/22|n.580+53delT||||||,CAAAAAAAAAAAGAAAAAAAAAAGAAAAGAAGAAGAAGAAGAAGAAGAAAACAAATGGT|intron_variant|MODIFIER|BRCA1|BRCA1|transcript|NM_007297.3|protein_coding|5/21|c.300+53delT||||||,CAAAAAAAAAAAGAAAAAAAAAAGAAAAGAAGAAGAAGAAGAAGAAGAAAACAAATGGT|intron_variant|MODIFIER|BRCA1|BRCA1|transcript|NM_007299.3|protein_coding|6/21|c.441+53delT||||||,CAAAAAAAAAAAGAAAAAAAAAAGAAAAGAAGAAGAAGAAGAAGAAGAAAACAAATGGT|intron_variant|MODIFIER|BRCA1|BRCA1|transcript|NM_007294.3|protein_coding|6/22|c.441+53delT||||||
chr17	41256284	A	G	0	G|splice_region_variant&intron_variant|LOW|BRCA1|BRCA1|transcript|NM_007300.3|protein_coding|5/23|c.302-6T>C||||||,G|splice_region_variant&intron_variant|LOW|BRCA1|BRCA1|transcript|NM_007298.3|protein_coding|4/21|c.302-6T>C||||||,G|splice_region_variant&intron_variant|LOW|BRCA1|BRCA1|transcript|NR_027676.1|pseudogene|5/22|n.441-6T>C||||||,G|splice_region_variant&intron_variant|LOW|BRCA1|BRCA1|transcript|NM_007297.3|protein_coding|4/21|c.161-6T>C||||||,G|splice_region_variant&intron_variant|LOW|BRCA1|BRCA1|transcript|NM_007299.3|protein_coding|5/21|c.302-6T>C||||||,G|splice_region_variant&intron_variant|LOW|BRCA1|BRCA1|transcript|NM_007294.3|protein_coding|5/22|c.302-6T>C||||||
chr17	41258341	T	C	7.53894	C|intron_variant|MODIFIER|BRCA1|BRCA1|transcript|NM_007300.3|protein_coding|4/23|c.212+132A>G||||||,C|intron_variant|MODIFIER|BRCA1|BRCA1|transcript|NM_007298.3|protein_coding|3/21|c.212+132A>G||||||,C|intron_variant|MODIFIER|BRCA1|BRCA1|transcript|NR_027676.1|pseudogene|4/22|n.351+154A>G||||||,C|intron_variant|MODIFIER|BRCA1|BRCA1|transcript|NM_007297.3|protein_coding|3/21|c.71+132A>G||||||,C|intron_variant|MODIFIER|BRCA1|BRCA1|transcript|NM_007299.3|protein_coding|4/21|c.212+132A>G||||||,C|intron_variant|MODIFIER|BRCA1|BRCA1|transcript|NM_007294.3|protein_coding|4/22|c.212+132A>G||||||
chr17	41258563	A	G	1.34782e-14	G|intron_variant|MODIFIER|BRCA1|BRCA1|transcript|NM_007300.3|protein_coding|3/23|c.135-13T>C||||||,G|intron_variant|MODIFIER|BRCA1|BRCA1|transcript|NM_007298.3|protein_coding|2/21|c.135-13T>C||||||,G|intron_variant|MODIFIER|BRCA1|BRCA1|transcript|NR_027676.1|pseudogene|3/22|n.296-13T>C||||||,G|intron_variant|MODIFIER|BRCA1|BRCA1|transcript|NM_007297.3|protein_coding|2/21|c.-7-13T>C||||||,G|intron_variant|MODIFIER|BRCA1|BRCA1|transcript|NM_007299.3|protein_coding|3/21|c.135-13T>C||||||,G|intron_variant|MODIFIER|BRCA1|BRCA1|transcript|NM_007294.3|protein_coding|3/22|c.135-13T>C||||||
chr17	41258571	A	G	1.49176e-14	G|intron_variant|MODIFIER|BRCA1|BRCA1|transcript|NM_007300.3|protein_coding|3/23|c.135-21T>C||||||,G|intron_variant|MODIFIER|BRCA1|BRCA1|transcript|NM_007298.3|protein_coding|2/21|c.135-21T>C||||||,G|intron_variant|MODIFIER|BRCA1|BRCA1|transcript|NR_027676.1|pseudogene|3/22|n.296-21T>C||||||,G|intron_variant|MODIFIER|BRCA1|BRCA1|transcript|NM_007297.3|protein_coding|2/21|c.-7-21T>C||||||,G|intron_variant|MODIFIER|BRCA1|BRCA1|transcript|NM_007299.3|protein_coding|3/21|c.135-21T>C||||||,G|intron_variant|MODIFIER|BRCA1|BRCA1|transcript|NM_007294.3|protein_coding|3/22|c.135-21T>C||||||
chr17	41258655	A	G	3.99871e-06	G|intron_variant|MODIFIER|BRCA1|BRCA1|transcript|NM_007300.3|protein_coding|3/23|c.135-105T>C||||||,G|intron_variant|MODIFIER|BRCA1|BRCA1|transcript|NM_007298.3|protein_coding|2/21|c.135-105T>C||||||,G|intron_variant|MODIFIER|BRCA1|BRCA1|transcript|NR_027676.1|pseudogene|3/22|n.296-105T>C||||||,G|intron_variant|MODIFIER|BRCA1|BRCA1|transcript|NM_007297.3|protein_coding|2/21|c.-7-105T>C||||||,G|intron_variant|MODIFIER|BRCA1|BRCA1|transcript|NM_007299.3|protein_coding|3/21|c.135-105T>C||||||,G|intron_variant|MODIFIER|BRCA1|BRCA1|transcript|NM_007294.3|protein_coding|3/22|c.135-105T>C||||||
chr17	41276163	A	C	1.05968e-12	C|upstream_gene_variant|MODIFIER|NBR2|NBR2|transcript|NR_003108.2|pseudogene||n.-1411A>C|||||1411|,C|upstream_gene_variant|MODIFIER|BRCA1|BRCA1|transcript|NM_007298.3|protein_coding||c.-50T>G|||||31|,C|upstream_gene_variant|MODIFIER|NBR2|NBR2|transcript|NR_138145.1|pseudogene||n.-1411A>C|||||1411|,C|intron_variant|MODIFIER|BRCA1|BRCA1|transcript|NM_007300.3|protein_coding|1/23|c.-19-31T>G||||||,C|intron_variant|MODIFIER|BRCA1|BRCA1|transcript|NR_027676.1|pseudogene|1/22|n.143-31T>G||||||,C|intron_variant|MODIFIER|BRCA1|BRCA1|transcript|NM_007297.3|protein_coding|1/21|c.-106-31T>G||||||,C|intron_variant|MODIFIER|BRCA1|BRCA1|transcript|NM_007299.3|protein_coding|1/21|c.-19-31T>G||||||,C|intron_variant|MODIFIER|BRCA1|BRCA1|transcript|NM_007294.3|protein_coding|1/22|c.-19-31T>G||||||
